admin,admin@email.com,Administrator,Administratoren,A6xnQhbz4Vx2HuGl4lXwZ5U2I8iziLRFnhP5eNfIRvQ=
Bassel,basselhamadeh3@gmail.com,Administrator,Administratoren,Wm2m8SToWr+jFvQa0gxDT6SqUp2QJKa0yOifPzMEapw=
Loai,lui65@email.de,Benutzer,Mitarbeiter,/8d2TRY5qtXh/KWoAnXFV+paFgZOPGDE1tHLvxSyw7c=
LandoP1,lando@gmail.uk,Benutzer,Mitarbeiter,qOdzPR6HlCDSnRySRgDUPxhFHG5voZDiNmuzOoTuTXM=
tarek,tarek@email.de,Benutzer,Mitarbeiter,d+jr6TN5vM9KGFzUvGYEZbAdvzhU3EShLCenDc0OsAE=
CR7,ron@email.po,Benutzer,Mitarbeiter,FsyekUrWIK0QYQJnW1uVCYJXTKD9SPriXHgRz1PxzrY=
Lorenzo,jorge@xmail.es,Benutzer,Mitarbeiter,ldIxgDzdCXxTKq8PDVCPaBuzIS1SCUy89pJaX/1Y0Gw=
Marquez,marq@gmail.es,Benutzer,Mitarbeiter,mLly9QEACcTWMR7L2f+of/bglq62paBCIsGz80fdcxM=
Otmar,otm@schule.hbf,Benutzer,Mitarbeiter,8CD2b2e6CjLQ5MkaU4NI7O83xWqHFztf4sT0IeUloR4=
Lewis,lew@gmail.uk,Benutzer,Mitarbeiter,fPSM1FQKtUcVcTjc2m0JLNMJe+rWvLe/njZql9PBdBw=
Pesto,gr√ºn@gmail.eat,Benutzer,Mitarbeiter,KvccLl36U3puBDoieMbzoW6ZnfWe3En0FrkjPio87Ck=
F1,f1@sport.com,Benutzer,Mitarbeiter,r3Wlfe1008wTnSm1m0YuwxcbwET52QG2k21Q4MgSci8=
motogp,moto@sport.com,Benutzer,Mitarbeiter,Mye8e3jKBRCF+VQnfi0EKZfYFptaMg1RW4iFsAvbP14=
Syria,sy@email.com,Benutzer,Mitarbeiter,bbjmMNiaYQDYDBZts3w7ouoCOk4eaAinjuYxr/oddR0=
papa,baba@gmail.com,Benutzer,Mitarbeiter,T0zaFYg6KctTfIsyCYVPmYopg1XpCQybWXxYm45jqkg=
Hamadeh,hama@gmail.de,Benutzer,Mitarbeiter,z2ieNLxMwH3oJ6nDATYdktv+qgpC/KNWzuYHB0qI0v8=
Fufu,fuf@kanarie.de,Benutzer,Mitarbeiter,dBS0Mhf48l5e6PXuOHrTHLdnLG1tP8fFU9sRw5qJnJk=
Nunu,nun@kanarie.de,Benutzer,Mitarbeiter,dBS0Mhf48l5e6PXuOHrTHLdnLG1tP8fFU9sRw5qJnJk=
eurodata,euro@data.de,Benutzer,Mitarbeiter,8jFfIOD9ZwCPUqVIpouN5FCP7lbkNiSAjzq+f+5Kuzo=
Gasly,Pierre@gmail.fr,Benutzer,Mitarbeiter,TNiJFq3uK57vq2aaLVC5t0UwFEHDT8WJU+lXBRrt8OA=
Oli,oli@veira.po,Benutzer,Mitarbeiter,7LczgYOv5yV/ygAkH52QPEP+8uh8dJ6DUt7aECUdRWk=
Martin89,mar@tin.es,Benutzer,Mitarbeiter,X1SgYdCKmBNo1Ofysp0V9l1LFH1CZtw6/r6dQCuQ9DY=
Test,test@email.de,Benutzer,Mitarbeiter,D631KkWAz+u5nmEWITmvPTpkA8HTa4PklityHRyMvQs=
